{
  "kind": "collectionType",
  "collectionName": "bakeries",
  "info": {
    "singularName": "bakery",
    "pluralName": "bakeries",
    "displayName": "Bakery",
    "description": ""
  },
  "options": {
    "draftAndPublish": true
  },
  "pluginOptions": {},
  "attributes": {
    "name": {
      "type": "string",
      "required": true,
      "unique": true
    },
    "description": {
      "type": "richtext"
    },
    "image": {
      "type": "media",
      "multiple": true,
      "required": false,
      "allowedTypes": [
        "images",
        "files",
        "videos",
        "audios"
      ]
    },
    "openingHours": {
      "displayName": "Opening Hours",
      "type": "component",
      "repeatable": false,
      "component": "bakery-info.opening-hours"
    }
  }
}
